<?xml version="1.0" encoding="UTF-8"?>
<project-private xmlns="http://www.netbeans.org/ns/project-private/1">
    <editor-bookmarks xmlns="http://www.netbeans.org/ns/editor-bookmarks/2" lastBookmarkId="0"/>
    <open-files xmlns="http://www.netbeans.org/ns/projectui-open-files/2">
        <group>
            <file>file:/Users/minehuogn/NetBeansProjects/SD1903_DAY8/src/Service/DBConnection.java</file>
            <file>file:/Users/minehuogn/NetBeansProjects/SD1903_DAY8/src/Model/Products.java</file>
            <file>file:/Users/minehuogn/NetBeansProjects/SD1903_DAY8/src/Service/ProductsDAO.java</file>
            <file>file:/Users/minehuogn/NetBeansProjects/SD1903_DAY8/src/View/Quanlysanpham.java</file>
        </group>
    </open-files>
</project-private>
